"","","trump","rudy","giuliani","perfectly","normal","board","must","problem","","","ehzxbmrpmx","","","","","","","","","","","",""
"","cubanitoencuba","muchos","como","ella","tienen","negocios","en","trinidad","quieren","saber","de","trump","dicen","que","es","un","tipo","sucio","que","por","él","ha","ca",""
"","","people","making","money","election","get","rid","junk","get","rid","soros","first","maga","qanon","kag","tw","","","","","","","",""
"","andyostroy","realdonaldtrump","unlike","repadamschiff","isn’t","pathologically","lying","corrupt","traitor","you’re","dictato","","","","","","","","","","","","",""
"","trumpatwar","stevebannon","china","know","handle","trump","","","","","","","","","","","","","","","","","",""
"trump","business","","claim","bankruptcy","syphon","money","","settle","workers","small","owes","","get","","","avijvxjazl","","","","","","","",""
"","howardfineman","realdonaldtrump","better","anyone","understands","exploits","amplifies","breakdown","suspicion","system","","","","","","","","","","","","","",""
"","et","le","tweet","du","jour","du","président","trump","doit","être","pris","au","sens","littéral","il","se","veut","incarnation","d","","démocratie","p","",""
"","","","","","","","","","","","","","","","","","","","","","","","",""
"","","whistleblower","putting","stop","corrupt","trump","administration","impeach","iamthewhistleblower","rudygiulianimeltdown","","","","","","","","","","","","","",""
"","","","kim","clement","predicted","trump","presidency","re","election","praying","president","religious","one","y","","","","","","","","","",""
"what’s","dangerous","trump’s","phone","calls","democrat","attempts","eliminate","right","confront","accuser","","","","","","","","","","","","","",""
"stevescalise","realdonaldtrump","trump","trying","lessen","sanctions","russia","two","ways","","seeking","de","","","","","","","","","","","","",""
"","andyostroy","jeez","another","corrupt","cowardly","little","snowflake","whining","bullied","just","like","cowardly","boss","pathetic","pompe","","","","","","","","",""
"","peterdaou","maga","gop","hypocrites","trump","barr","pompeo","co","shaking","foreign","governments","go","intel","commun","","","","","","","","","",""
"republicanparty","republicans","maga","magats","gopcomplicit","trump","gopcowards","","","","","","","","","","","","","","","","","",""
"","corentinsellin","","la","situation","particulière","de","pompeo","est","déjà","abracadabrantesque","ministre","des","affaires","étrangères","us","il","assisté","","","","","","",""
"","","la","verdad","siempre","sale","flote","si","trump","tenía","problemas","ahora","se","le","suma","otro","australia","confirma","q","trump","le","pidió","","",""
"","enkiwriter","four","horsemen","apocalypse","conquest","war","famine","death","msnbc","cnn","trump","pompeo","giuliani","barr","","t","","","","","","","",""
"","rompevientotv","la","vida","después","de","trump","conéctate","con","este","brillante","artículo","de","","director","del","programa","de","dh","de","globa","","","",""
"un","unsc","unhr","nato","us","trump","canada","mexico","uk","eu","france","germany","italy","switzerland","austria","scandinavia","","","","","","","","",""
"","stevevanderveen","franklin_graham","franklin_graham","robertjeffress","got","gop","talking","points","goal","scare","evangeli","","","","","","","","","","","","",""
"","andyostroy","realdonaldtrump","unlike","repadamschiff","isn’t","pathologically","lying","corrupt","traitor","you’re","dictato","","","","","","","","","","","","",""
"","","marklevinshow","","personal","interest","ukraine","anything","pelosi","neck","deep","ukraine","","","","","","","","","","","","",""
"impeachment","intelligence","community","real","loser","","","","aeifdp","trump","","","","","","","","","","","","","","",""
"","texangalcindy","outnumberedfnc","years","us","investigation","spy","russian","hoax","perpetrated","corrupt","obama","admin","fact","","","","","","","","","","",""
"williambarr","amp","mikepompeo","collectively","participated","contacts","trump","leaders","least","four","foreig","","","","","","","","","","","","","",""
"","fxleaderscom","gold","xauusd","prices","slid","lower","trade","close","two","month","lows","safe","haven","appeal","diminished","us","dollar","st","","","","","",""
"realdonaldtrump","american","citizen","like","know","hell","trump","administration","talki","","","yazfdvyugu","","","","","","","","","","","","",""
"","andyostroy","realdonaldtrump","ladies","gentlemen","present","united","states","president","sits","around","day","tweeting","re","posti","","","","","","","","","",""
"","","","kim","clement","predicted","trump","presidency","re","election","praying","president","religious","one","y","","","","","","","","","",""
"","peterdaou","maga","gop","hypocrites","trump","barr","pompeo","co","shaking","foreign","governments","go","intel","commun","","","","","","","","","",""
"","bucholtzjulie","wyoming","rep","liz","cheney","thinks","ukraine","phone","call","set","trump","trying","every","crooked","street","s","","","","","","","",""
"","andyostroy","realdonaldtrump","unlike","repadamschiff","isn’t","pathologically","lying","corrupt","traitor","you’re","dictato","","","","","","","","","","","","",""
"","howardfineman","realdonaldtrump","better","anyone","understands","exploits","amplifies","breakdown","suspicion","system","","","","","","","","","","","","","",""
"","peterdaou","maga","gop","hypocrites","trump","barr","pompeo","co","shaking","foreign","governments","go","intel","commun","","","","","","","","","",""
"","andyostroy","jeez","another","corrupt","cowardly","little","snowflake","whining","bullied","just","like","cowardly","boss","pathetic","pompe","","","","","","","","",""
"","deplorablebabe","whistleblower","complaint","changed","support","trump","ukraine","impeachment","biden","whistleblower","trump","","","","","","","","","","","","",""
"","texangalcindy","outnumberedfnc","years","us","investigation","spy","russian","hoax","perpetrated","corrupt","obama","admin","fact","","","","","","","","","","",""
"","peterdaou","maga","gop","hypocrites","trump","barr","pompeo","co","shaking","foreign","governments","go","intel","commun","","","","","","","","","",""
"","ritacosby","thrilled","poland","soon","part","us","visawaiver","program","poles","truly","stalwart","patriots","america","freedom","bra","","","","","","","","",""
"markhammill","hollywood","robertdenero","making","sure","trump","elected","independents","like","","","zycdmetkbi","","","","","","","","","","","","",""
"","ritacosby","thrilled","poland","soon","part","us","visawaiver","program","poles","truly","stalwart","patriots","america","freedom","bra","","","","","","","","",""
"","","realdonaldtrump","essence","parody","one","claimed","quote","law","legal","congressman","t","","","","","","","","","","","","",""
"","howardfineman","realdonaldtrump","better","anyone","understands","exploits","amplifies","breakdown","suspicion","system","","","","","","","","","","","","","",""
"","richardangwin","correct","way","handle","trump","supporter","civilwar","resist","trump","maga","","tcot","","traitor","tuesdayth","","","","","","","","",""
"life","respect","individual","property","united","states","life","mandate","communal","property","ve","","","","","","","","","","","","","",""
"","jerusalemvow","john","brennan","cia","head","obama","talks","love","islam","hater","president","trump","traitor","s","","","","","","","","","",""
"","corentinsellin","ce","qui","se","joue","entre","trump","président","et","le","congrès","avec","cette","procédure","d'impeachment","va","bien","au","delà","de","son","sort","le",""
"","corentinsellin","ce","qui","se","joue","entre","trump","président","et","le","congrès","avec","cette","procédure","d'impeachment","va","bien","au","delà","de","son","sort","le",""
"","andyostroy","realdonaldtrump","unlike","repadamschiff","isn’t","pathologically","lying","corrupt","traitor","you’re","dictato","","","","","","","","","","","","",""
"","","looking","dirt","intel","agencies","barr","asked","foreign","officials","aid","inquiry","cia","fbi","activities","","wanted","","","","","","","",""
"","emolclause","breaking:folks","remember","","gop","senators","reelection","","sacrifice","national","s","","","","","","","","","","","","",""
"","greybeard_biker","bikerrally","trump","","greybeardbikerapproved","rdrhwke","","","","mama","","","","","","","","","","","","","",""
"","andyostroy","jeez","another","corrupt","cowardly","little","snowflake","whining","bullied","just","like","cowardly","boss","pathetic","pompe","","","","","","","","",""
"realdonaldtrump","running","scared","really","messed","time","looser","trump","trumpimpeachment","clown","","","","","","","","","","","","","","",""
"","rompevientotv","la","vida","después","de","trump","conéctate","con","este","brillante","artículo","de","","director","del","programa","de","dh","de","globa","","","",""
"","andyostroy","jeez","another","corrupt","cowardly","little","snowflake","whining","bullied","just","like","cowardly","boss","pathetic","pompe","","","","","","","","",""
"govfella","realdonaldtrump","birth","certificate","","","","answers","rest","questions","","","","","","","","","","","","","","",""
"","andyostroy","realdonaldtrump","unlike","repadamschiff","isn’t","pathologically","lying","corrupt","traitor","you’re","dictato","","","","","","","","","","","","",""
"impeach","impeach","impeach","nancy","cares","lies","lies","lies","nancy","cares","hate","","","","","","","","","","","","","",""
"","andyostroy","realdonaldtrump","dear","republican","senators","reasons","remove","trump","office","asap","he’s","pathological","liar","","","","","","","","","","",""
"","battleofever","months","ago","us","intel","community","quietly","eliminated","requirement","whistleblowers","must","provide","first","hand","knowled","","","","","","","","",""
"outnumberedfnc","years","us","investigation","spy","russian","hoax","perpetrated","corrupt","obama","admin","fact","","","","","","","","","","","","",""
"","","whistleblower","putting","stop","corrupt","trump","administration","impeach","iamthewhistleblower","rudygiulianimeltdown","","","","","","","","","","","","","",""
"","lubonlez","trump","administration","corrupt","america","must","votebluenomatterwho","","cleanse","democracy","","","","","","","","","","","","","",""
"","","pure","evil","corrupt","crooked","hillary","clinton","trump","maga","qanon","patriot","gitmo","hillary","clinton","obama","bush","squad","","","","","","",""
"","greybeard_biker","bikerrally","trump","","greybeardbikerapproved","trinitysfaith","","cdoranharader","fedupf","","","","","","","","","","","","","","",""
"","sfdukie","excellent","reminder","spent","borderwall","trump","vowed","repeatedly","mexico","fund","taken","lawful","appropriati","","","","","","","","","","",""
"usatoday","thing","liz_cheney","family","tree","fabricated","basis","chaos","iraq","t","","","","","","","","","","","","","","",""
"","corentinsellin","","la","situation","particulière","de","pompeo","est","déjà","abracadabrantesque","ministre","des","affaires","étrangères","us","il","assisté","","","","","","",""
"","corentinsellin","ce","qui","se","joue","entre","trump","président","et","le","congrès","avec","cette","procédure","d'impeachment","va","bien","au","delà","de","son","sort","le",""
"","margie_hathaway","happy","birthday","president","jimmy","carter","man","embodies","much","believe","gives","america","reason","lo","","","","","","","","","",""
"","andyostroy","jeez","another","corrupt","cowardly","little","snowflake","whining","bullied","just","like","cowardly","boss","pathetic","pompe","","","","","","","","",""
"","howardfineman","realdonaldtrump","better","anyone","understands","exploits","amplifies","breakdown","suspicion","system","","","","","","","","","","","","","",""
"","","stevescalise","realdonaldtrump","transcript","real","phone","call","real","held","back","aid","real","spec","","","","","","","","","","",""
"chatbycc","","efforts","destroy","trump","failed","ukrainian","scam","fail","","","","","","","","","","","","","","","",""
"","corentinsellin","bon","à","ce","rythme","de","révélations","lourdes","et","de","dévissage","de","trump","la","question","est","combien","de","temps","trump","donc","de","",""
"","zeusfanhouse","senator","kamalaharris","said","monday","cnn","president","trump","susp","nded","tw","tter","threats","whis","","","","","","","","","",""
"trump","administration","corrupt","america","must","votebluenomatterwho","","cleanse","democracy","","","","","","","","","","","","","","","",""
"","howardfineman","realdonaldtrump","better","anyone","understands","exploits","amplifies","breakdown","suspicion","system","","","","","","","","","","","","","",""
"realdonaldtrump","breitbartnews","thank","making","poll","numbers","breitbart's","poll","numbers","obvious","","","","","","","","","","","","","","",""
"","peterdaou","maga","gop","hypocrites","trump","barr","pompeo","co","shaking","foreign","governments","go","intel","commun","","","","","","","","","",""
"","solarpapst","","mrd","im","jahr","sollen","zusätzlich","für","militär","ausgegeben","werden","weil","ein","hr","trump","es","kostenloser","öpnv","deutsc","","","","",""
"dont","believe","democrats","trying","sensor","everything","republican","everything","trump","related","read","","","","","","","","","","","","","",""
"","","google","trump","kag","qanon","patriot","gitmo","hillary","clinton","obama","bush","squad","racist","democrat","immigrant","pedo","","","","","","","",""
"","","marklevinshow","","personal","interest","ukraine","anything","pelosi","neck","deep","ukraine","","","","","","","","","","","","",""
"","richardangwin","correct","way","handle","trump","supporter","civilwar","resist","trump","maga","","tcot","","traitor","tuesdayth","","","","","","","","",""
"","","google","trump","kag","qanon","patriot","gitmo","hillary","clinton","obama","bush","squad","racist","democrat","immigrant","pedo","","","","","","","",""
"","teisha_powell","independence","day","pray","amp","love","trump","must","win","","","","","","","","","","","","","","",""
"","teisha_powell","zuckerberg","warren","crazy","socialist","trump","must","win","","","","","","","","","","","","","","","",""
"trump’s","potential","impeachment","snowballs","daily","show","","","","usa","trump","ukrainescandal","criminalpresident","gop","","","","","","","","","","",""
"","charlievp","maddow","","remarkably","like","takeover","germangovt","early","","s","think","can’t","happen","","","","","","","","","","",""
"","andyostroy","jeez","another","corrupt","cowardly","little","snowflake","whining","bullied","just","like","cowardly","boss","pathetic","pompe","","","","","","","","",""
"","garethporter","trump","took","rouhani","chump","believing","use","flip","news","cycle","ukraine","snookering","t","","","","","","","","","","",""
"","jerusalemvow","john","brennan","cia","head","obama","talks","love","islam","hater","president","trump","traitor","s","","","","","","","","","",""
"speakerpelosi","impeach","impeach","impeach","nancy","cares","lies","lies","lies","nancy","cares","","","","","","","","","","","","","",""
"","angelociocca","secondo","dimaio","l'amicizia","di","conte","con","trump","avrebbe","evitato","dazi","la","verità","wto","da","il","via","libera","ai","dazi","usa","","",""
"","andyostroy","realdonaldtrump","ladies","gentlemen","present","united","states","president","sits","around","day","tweeting","re","posti","","","","","","","","","",""
"rushlimbaugh","blubbering","badly","gop","never","ever","protects","case","realdonaldtrump","","","zzczrynxdn","","","","","","","","","","","","",""
"","outerspacemanii","michellemazuros","punishment","killing","young","man","minding","business","sanctuary","","","","","","","","","","","","","","",""
